INSERT INTO tenants (id, name, created_at) VALUES ('t_demo', 'Demo Practice Group', strftime('%s', 'now')) ON CONFLICT DO NOTHING;
INSERT INTO sites (id, tenant_id, name, address, created_at) VALUES ('s_demo', 't_demo', 'Demo Surgery', '123 Main Street', strftime('%s', 'now')) ON CONFLICT DO NOTHING;
INSERT INTO roles (id, tenant_id, name) VALUES ('r_practice_manager', 't_demo', 'Practice Manager') ON CONFLICT DO NOTHING;
INSERT INTO roles (id, tenant_id, name) VALUES ('r_gp_partner', 't_demo', 'GP Partner') ON CONFLICT DO NOTHING;
INSERT INTO roles (id, tenant_id, name) VALUES ('r_nurse_lead', 't_demo', 'Nurse Lead') ON CONFLICT DO NOTHING;
INSERT INTO roles (id, tenant_id, name) VALUES ('r_safeguarding_lead', 't_demo', 'Safeguarding Lead') ON CONFLICT DO NOTHING;
INSERT INTO roles (id, tenant_id, name) VALUES ('r_admin', 't_demo', 'Admin') ON CONFLICT DO NOTHING;
INSERT INTO users (id, tenant_id, email, password_hash, name, created_at) VALUES ('u_pm', 't_demo', 'pm@example.com', 'pbkdf2_sha256$100000$+FZ8ppKYwzqMK3SIKJNwzw==$AM1R/HVJr5l3gfrVEMtCeT8kHfqvndvTyS3P0bNifbc=', 'Practice Manager', strftime('%s', 'now')) ON CONFLICT(tenant_id, email) DO UPDATE SET password_hash='pbkdf2_sha256$100000$+FZ8ppKYwzqMK3SIKJNwzw==$AM1R/HVJr5l3gfrVEMtCeT8kHfqvndvTyS3P0bNifbc=';
INSERT INTO user_roles (user_id, role_id, site_id, created_at) VALUES ('u_pm', 'r_practice_manager', 's_demo', strftime('%s', 'now')) ON CONFLICT DO NOTHING;
INSERT INTO users (id, tenant_id, email, password_hash, name, created_at) VALUES ('u_gp', 't_demo', 'gp@example.com', 'pbkdf2_sha256$100000$7Qke19GWPgyhWdNt+6zr3Q==$95F2ocophyO2JjGGXbJH1oSdijZHp12xS1CWm9q16n4=', 'GP Partner', strftime('%s', 'now')) ON CONFLICT(tenant_id, email) DO UPDATE SET password_hash='pbkdf2_sha256$100000$7Qke19GWPgyhWdNt+6zr3Q==$95F2ocophyO2JjGGXbJH1oSdijZHp12xS1CWm9q16n4=';
INSERT INTO user_roles (user_id, role_id, site_id, created_at) VALUES ('u_gp', 'r_gp_partner', 's_demo', strftime('%s', 'now')) ON CONFLICT DO NOTHING;
INSERT INTO users (id, tenant_id, email, password_hash, name, created_at) VALUES ('u_nurse', 't_demo', 'nurse@example.com', 'pbkdf2_sha256$100000$YOtzW9lRe8uVbQ2E2lRO3w==$gmFs9RR+qcYfC3gTKtY6DK9NUVsy4CJxkYvIdK7jG5I=', 'Nurse Lead', strftime('%s', 'now')) ON CONFLICT(tenant_id, email) DO UPDATE SET password_hash='pbkdf2_sha256$100000$YOtzW9lRe8uVbQ2E2lRO3w==$gmFs9RR+qcYfC3gTKtY6DK9NUVsy4CJxkYvIdK7jG5I=';
INSERT INTO user_roles (user_id, role_id, site_id, created_at) VALUES ('u_nurse', 'r_nurse_lead', 's_demo', strftime('%s', 'now')) ON CONFLICT DO NOTHING;
INSERT INTO users (id, tenant_id, email, password_hash, name, created_at) VALUES ('u_safe', 't_demo', 'safeguarding@example.com', 'pbkdf2_sha256$100000$VBIJfH2kXkeb0eLJrySe2Q==$DsGPfApPErbTVT8k5dne7RWC+rj7Vclng/d6lATz2M4=', 'Safeguarding Lead', strftime('%s', 'now')) ON CONFLICT(tenant_id, email) DO UPDATE SET password_hash='pbkdf2_sha256$100000$VBIJfH2kXkeb0eLJrySe2Q==$DsGPfApPErbTVT8k5dne7RWC+rj7Vclng/d6lATz2M4=';
INSERT INTO user_roles (user_id, role_id, site_id, created_at) VALUES ('u_safe', 'r_safeguarding_lead', 's_demo', strftime('%s', 'now')) ON CONFLICT DO NOTHING;
INSERT INTO users (id, tenant_id, email, password_hash, name, created_at) VALUES ('u_admin', 't_demo', 'admin@example.com', 'pbkdf2_sha256$100000$smY0ZQdgOJmhWiBVRWW5/A==$y9hZIbvO3gK1cR40ySsgq0mf7g3SyN+4k6Rb8SZK0Tc=', 'Admin', strftime('%s', 'now')) ON CONFLICT(tenant_id, email) DO UPDATE SET password_hash='pbkdf2_sha256$100000$smY0ZQdgOJmhWiBVRWW5/A==$y9hZIbvO3gK1cR40ySsgq0mf7g3SyN+4k6Rb8SZK0Tc=';
INSERT INTO user_roles (user_id, role_id, site_id, created_at) VALUES ('u_admin', 'r_admin', 's_demo', strftime('%s', 'now')) ON CONFLICT DO NOTHING;
