INSERT INTO evidence_categories (id, title) VALUES ('peoples_experience', 'People''s experience of health and care services') ON CONFLICT DO NOTHING;
INSERT INTO evidence_categories (id, title) VALUES ('staff_feedback', 'Feedback from staff and leaders') ON CONFLICT DO NOTHING;
INSERT INTO evidence_categories (id, title) VALUES ('partner_feedback', 'Feedback from partners') ON CONFLICT DO NOTHING;
INSERT INTO evidence_categories (id, title) VALUES ('observation', 'Observation') ON CONFLICT DO NOTHING;
INSERT INTO evidence_categories (id, title) VALUES ('processes', 'Processes') ON CONFLICT DO NOTHING;
INSERT INTO evidence_categories (id, title) VALUES ('outcomes', 'Outcomes') ON CONFLICT DO NOTHING;
INSERT INTO cqc_key_questions (id, title, display_order) VALUES ('safe', 'Safe', 10) ON CONFLICT DO NOTHING;
INSERT INTO cqc_quality_statements (id, key_question_id, code, title, display_order, active) VALUES ('safe.learning_culture', 'safe', 'learning-culture', 'Learning culture', 1, 1) ON CONFLICT DO NOTHING;
INSERT INTO cqc_quality_statements (id, key_question_id, code, title, display_order, active) VALUES ('safe.safeguarding', 'safe', 'safeguarding', 'Safeguarding', 1, 1) ON CONFLICT DO NOTHING;
INSERT INTO cqc_quality_statements (id, key_question_id, code, title, display_order, active) VALUES ('safe.involving_people_to_manage_risks', 'safe', 'involving-people-to-manage-risks', 'Involving people to manage risks', 1, 1) ON CONFLICT DO NOTHING;
INSERT INTO cqc_quality_statements (id, key_question_id, code, title, display_order, active) VALUES ('safe.safe_environments', 'safe', 'safe-environments', 'Safe environments', 1, 1) ON CONFLICT DO NOTHING;
INSERT INTO cqc_quality_statements (id, key_question_id, code, title, display_order, active) VALUES ('safe.infection_prevention_and_control', 'safe', 'infection-prevention-and-control', 'Infection prevention and control', 1, 1) ON CONFLICT DO NOTHING;
INSERT INTO cqc_quality_statements (id, key_question_id, code, title, display_order, active) VALUES ('safe.medicines_optimisation', 'safe', 'medicines-optimisation', 'Medicines optimisation', 1, 1) ON CONFLICT DO NOTHING;
INSERT INTO cqc_key_questions (id, title, display_order) VALUES ('effective', 'Effective', 20) ON CONFLICT DO NOTHING;
INSERT INTO cqc_quality_statements (id, key_question_id, code, title, display_order, active) VALUES ('effective.assessing_needs', 'effective', 'assessing-needs', 'Assessing needs', 1, 1) ON CONFLICT DO NOTHING;
INSERT INTO cqc_quality_statements (id, key_question_id, code, title, display_order, active) VALUES ('effective.delivering_evidence_based_care', 'effective', 'delivering-evidence-based-care-and-treatment', 'Delivering evidence-based care and treatment', 1, 1) ON CONFLICT DO NOTHING;
INSERT INTO cqc_quality_statements (id, key_question_id, code, title, display_order, active) VALUES ('effective.how_staff_teams_work_together', 'effective', 'how-staff-teams-and-services-work-together', 'How staff, teams and services work together', 1, 1) ON CONFLICT DO NOTHING;
INSERT INTO cqc_quality_statements (id, key_question_id, code, title, display_order, active) VALUES ('effective.supporting_healthier_lives', 'effective', 'supporting-people-to-live-healthier-lives', 'Supporting people to live healthier lives', 1, 1) ON CONFLICT DO NOTHING;
INSERT INTO cqc_quality_statements (id, key_question_id, code, title, display_order, active) VALUES ('effective.monitoring_and_improving_outcomes', 'effective', 'monitoring-and-improving-outcomes', 'Monitoring and improving outcomes', 1, 1) ON CONFLICT DO NOTHING;
INSERT INTO cqc_quality_statements (id, key_question_id, code, title, display_order, active) VALUES ('effective.consent_to_care', 'effective', 'consent-to-care-and-treatment', 'Consent to care and treatment', 1, 1) ON CONFLICT DO NOTHING;
INSERT INTO cqc_key_questions (id, title, display_order) VALUES ('caring', 'Caring', 30) ON CONFLICT DO NOTHING;
INSERT INTO cqc_quality_statements (id, key_question_id, code, title, display_order, active) VALUES ('caring.kindness_compassion_dignity', 'caring', 'kindness-compassion-and-dignity', 'Kindness, compassion and dignity', 1, 1) ON CONFLICT DO NOTHING;
INSERT INTO cqc_quality_statements (id, key_question_id, code, title, display_order, active) VALUES ('caring.treating_people_as_individuals', 'caring', 'treating-people-as-individuals', 'Treating people as individuals', 1, 1) ON CONFLICT DO NOTHING;
INSERT INTO cqc_quality_statements (id, key_question_id, code, title, display_order, active) VALUES ('caring.independence_choice_control', 'caring', 'independence-choice-and-control', 'Independence, choice and control', 1, 1) ON CONFLICT DO NOTHING;
INSERT INTO cqc_quality_statements (id, key_question_id, code, title, display_order, active) VALUES ('caring.responding_to_immediate_needs', 'caring', 'responding-to-peoples-immediate-needs', 'Responding to people''s immediate needs', 1, 1) ON CONFLICT DO NOTHING;
INSERT INTO cqc_quality_statements (id, key_question_id, code, title, display_order, active) VALUES ('caring.workforce_wellbeing_enablement', 'caring', 'workforce-wellbeing-and-enablement', 'Workforce wellbeing and enablement', 1, 1) ON CONFLICT DO NOTHING;
INSERT INTO cqc_key_questions (id, title, display_order) VALUES ('responsive', 'Responsive', 40) ON CONFLICT DO NOTHING;
INSERT INTO cqc_quality_statements (id, key_question_id, code, title, display_order, active) VALUES ('responsive.person_centred_care', 'responsive', 'person-centred-care', 'Person-centred care', 1, 1) ON CONFLICT DO NOTHING;
INSERT INTO cqc_quality_statements (id, key_question_id, code, title, display_order, active) VALUES ('responsive.providing_information', 'responsive', 'providing-information', 'Providing information', 1, 1) ON CONFLICT DO NOTHING;
INSERT INTO cqc_quality_statements (id, key_question_id, code, title, display_order, active) VALUES ('responsive.listening_involving_people', 'responsive', 'listening-to-and-involving-people', 'Listening to and involving people', 1, 1) ON CONFLICT DO NOTHING;
INSERT INTO cqc_quality_statements (id, key_question_id, code, title, display_order, active) VALUES ('responsive.planning_for_the_future', 'responsive', 'planning-for-the-future', 'Planning for the future', 1, 1) ON CONFLICT DO NOTHING;
INSERT INTO cqc_key_questions (id, title, display_order) VALUES ('well_led', 'Well-led', 50) ON CONFLICT DO NOTHING;
INSERT INTO cqc_quality_statements (id, key_question_id, code, title, display_order, active) VALUES ('well_led.shared_direction_and_culture', 'well_led', 'shared-direction-and-culture', 'Shared direction and culture', 1, 1) ON CONFLICT DO NOTHING;
INSERT INTO cqc_quality_statements (id, key_question_id, code, title, display_order, active) VALUES ('well_led.capable_compassionate_inclusive_leaders', 'well_led', 'capable-compassionate-and-inclusive-leaders', 'Capable, compassionate and inclusive leaders', 1, 1) ON CONFLICT DO NOTHING;
INSERT INTO cqc_quality_statements (id, key_question_id, code, title, display_order, active) VALUES ('well_led.freedom_to_speak_up', 'well_led', 'freedom-to-speak-up', 'Freedom to speak up', 1, 1) ON CONFLICT DO NOTHING;
INSERT INTO cqc_quality_statements (id, key_question_id, code, title, display_order, active) VALUES ('well_led.governance_management_sustainability', 'well_led', 'governance-management-and-sustainability', 'Governance, management and sustainability', 1, 1) ON CONFLICT DO NOTHING;
INSERT INTO cqc_quality_statements (id, key_question_id, code, title, display_order, active) VALUES ('well_led.learning_improvement_innovation', 'well_led', 'learning-improvement-and-innovation', 'Learning, improvement and innovation', 1, 1) ON CONFLICT DO NOTHING;
INSERT INTO cqc_quality_statements (id, key_question_id, code, title, display_order, active) VALUES ('well_led.environmental_sustainability', 'well_led', 'environmental-sustainability', 'Environmental sustainability', 1, 1) ON CONFLICT DO NOTHING;
